[{"id":"user-image-DigitalNextLogo-02.png","publicUrl":"np://user.desktop.nicepage.com/Site_15631754/images/DigitalNextLogo-02.png","size":5971,"fileName":"DigitalNextLogo-02.png","name":"DigitalNextLogo-02","width":473,"height":237,"thumbnail":{"url":"np://user.desktop.nicepage.com/Site_15631754/images/thumbnails/DigitalNextLogo-02.png","width":250,"height":125}},{"id":"user-image-DigitalNextLogo-03.png","publicUrl":"np://user.desktop.nicepage.com/Site_15631754/images/DigitalNextLogo-03.png","size":5268,"fileName":"DigitalNextLogo-03.png","name":"DigitalNextLogo-03","width":474,"height":237,"thumbnail":{"url":"np://user.desktop.nicepage.com/Site_15631754/images/thumbnails/DigitalNextLogo-03.png","width":250,"height":125}},{"id":"user-image-CopyofDIgitalNextWebsite.jpg","publicUrl":"np://user.desktop.nicepage.com/Site_15631754/images/CopyofDIgitalNextWebsite.jpg","size":174001,"fileName":"CopyofDIgitalNextWebsite.jpg","name":"CopyofDIgitalNextWebsite","width":1920,"height":1080,"thumbnail":{"url":"np://user.desktop.nicepage.com/Site_15631754/images/thumbnails/CopyofDIgitalNextWebsite.jpg","width":250,"height":141}},{"id":"user-image-CopyofDIgitalNextWebsite1.jpg","publicUrl":"np://user.desktop.nicepage.com/Site_15631754/images/CopyofDIgitalNextWebsite1.jpg","size":175603,"fileName":"CopyofDIgitalNextWebsite1.jpg","name":"CopyofDIgitalNextWebsite1","width":1920,"height":1080,"thumbnail":{"url":"np://user.desktop.nicepage.com/Site_15631754/images/thumbnails/CopyofDIgitalNextWebsite1.jpg","width":250,"height":141}},{"id":"user-image-CopyofDIgitalNextWebsite2.jpg","publicUrl":"np://user.desktop.nicepage.com/Site_15631754/images/CopyofDIgitalNextWebsite2.jpg","size":308363,"fileName":"CopyofDIgitalNextWebsite2.jpg","name":"CopyofDIgitalNextWebsite2","width":1920,"height":1080,"thumbnail":{"url":"np://user.desktop.nicepage.com/Site_15631754/images/thumbnails/CopyofDIgitalNextWebsite2.jpg","width":250,"height":141}},{"id":"user-image-2065064.png","publicUrl":"np://user.desktop.nicepage.com/Site_15631754/images/2065064.png","size":3984,"fileName":"2065064.png","name":"2065064","width":128,"height":128,"thumbnail":{"url":"np://user.desktop.nicepage.com/Site_15631754/images/thumbnails/2065064.png","width":128,"height":128,"length":3984,"type":"png"}},{"id":"user-image-5597172.png","publicUrl":"np://user.desktop.nicepage.com/Site_15631754/images/5597172.png","size":2494,"fileName":"5597172.png","name":"5597172","width":128,"height":128,"thumbnail":{"url":"np://user.desktop.nicepage.com/Site_15631754/images/thumbnails/5597172.png","width":128,"height":128,"length":2494,"type":"png"}},{"id":"user-image-752420.png","publicUrl":"np://user.desktop.nicepage.com/Site_15631754/images/752420.png","size":3418,"fileName":"752420.png","name":"752420","width":128,"height":128,"thumbnail":{"url":"np://user.desktop.nicepage.com/Site_15631754/images/thumbnails/752420.png","width":128,"height":128,"length":3418,"type":"png"}},{"id":"user-image-3290130.png","publicUrl":"np://user.desktop.nicepage.com/Site_15631754/images/3290130.png","size":5059,"fileName":"3290130.png","name":"3290130","width":128,"height":128,"thumbnail":{"url":"np://user.desktop.nicepage.com/Site_15631754/images/thumbnails/3290130.png","width":128,"height":128,"length":5059,"type":"png"}},{"id":"user-image-3927970.png","publicUrl":"np://user.desktop.nicepage.com/Site_15631754/images/3927970.png","size":2971,"fileName":"3927970.png","name":"3927970","width":128,"height":128,"thumbnail":{"url":"np://user.desktop.nicepage.com/Site_15631754/images/thumbnails/3927970.png","width":128,"height":128,"length":2971,"type":"png"}},{"id":"user-image-1901867.png","publicUrl":"np://user.desktop.nicepage.com/Site_15631754/images/1901867.png","size":3609,"fileName":"1901867.png","name":"1901867","width":128,"height":128,"thumbnail":{"url":"np://user.desktop.nicepage.com/Site_15631754/images/thumbnails/1901867.png","width":128,"height":128,"length":3609,"type":"png"}},{"id":"user-image-ClientBG.jpg","publicUrl":"np://user.desktop.nicepage.com/Site_15631754/images/ClientBG.jpg","size":172955,"fileName":"ClientBG.jpg","name":"ClientBG","width":1920,"height":1080,"thumbnail":{"url":"np://user.desktop.nicepage.com/Site_15631754/images/thumbnails/ClientBG.jpg","width":250,"height":141}},{"id":"user-image-GhGenomeLogo-01.png","publicUrl":"np://user.desktop.nicepage.com/Site_15631754/images/GhGenomeLogo-01.png","size":72018,"fileName":"GhGenomeLogo-01.png","name":"GhGenomeLogo-01","width":1772,"height":1772,"thumbnail":{"url":"np://user.desktop.nicepage.com/Site_15631754/images/thumbnails/GhGenomeLogo-01.png","width":250,"height":250}},{"id":"user-image-COMMUNICATIONSANDDIGITISATIONLOGOS1-09.png","publicUrl":"np://user.desktop.nicepage.com/Site_15631754/images/COMMUNICATIONSANDDIGITISATIONLOGOS1-09.png","size":314814,"fileName":"COMMUNICATIONSANDDIGITISATIONLOGOS1-09.png","name":"COMMUNICATIONSANDDIGITISATIONLOGOS1-09","width":2527,"height":2208,"thumbnail":{"url":"np://user.desktop.nicepage.com/Site_15631754/images/thumbnails/COMMUNICATIONSANDDIGITISATIONLOGOS1-09.png","width":250,"height":218}},{"id":"user-image-COMMUNICATIONSANDDIGITISATIONLOGOS1-10.png","publicUrl":"np://user.desktop.nicepage.com/Site_15631754/images/COMMUNICATIONSANDDIGITISATIONLOGOS1-10.png","size":263152,"fileName":"COMMUNICATIONSANDDIGITISATIONLOGOS1-10.png","name":"COMMUNICATIONSANDDIGITISATIONLOGOS1-10","width":2390,"height":2452,"thumbnail":{"url":"np://user.desktop.nicepage.com/Site_15631754/images/thumbnails/COMMUNICATIONSANDDIGITISATIONLOGOS1-10.png","width":244,"height":250}},{"id":"user-image-COMMUNICATIONSANDDIGITISATIONLOGOS1-08.png","publicUrl":"np://user.desktop.nicepage.com/Site_15631754/images/COMMUNICATIONSANDDIGITISATIONLOGOS1-08.png","size":70957,"fileName":"COMMUNICATIONSANDDIGITISATIONLOGOS1-08.png","name":"COMMUNICATIONSANDDIGITISATIONLOGOS1-08","width":1873,"height":2165,"thumbnail":{"url":"np://user.desktop.nicepage.com/Site_15631754/images/thumbnails/COMMUNICATIONSANDDIGITISATIONLOGOS1-08.png","width":216,"height":250}},{"id":"user-image-FabimetalLOGO-041.png","publicUrl":"np://user.desktop.nicepage.com/Site_15631754/images/FabimetalLOGO-041.png","size":229674,"fileName":"FabimetalLOGO-041.png","name":"FabimetalLOGO-041","width":9357,"height":2907,"thumbnail":{"url":"np://user.desktop.nicepage.com/Site_15631754/images/thumbnails/FabimetalLOGO-041.png","width":250,"height":78}},{"id":"user-image-Fabrimetalweb.jpg","publicUrl":"np://user.desktop.nicepage.com/Site_15631754/images/Fabrimetalweb.jpg","size":303400,"fileName":"Fabrimetalweb.jpg","name":"Fabrimetalweb","width":344,"height":828,"thumbnail":{"url":"np://user.desktop.nicepage.com/Site_15631754/images/thumbnails/Fabrimetalweb.jpg","width":104,"height":250}},{"id":"user-image-WhatsAppImage2022-11-15at18.38.57.jpg","publicUrl":"np://user.desktop.nicepage.com/Site_15631754/images/WhatsAppImage2022-11-15at18.38.57.jpg","size":122321,"fileName":"WhatsAppImage2022-11-15at18.38.57.jpg","name":"WhatsAppImage2022-11-15at18.38.57","width":720,"height":1280,"thumbnail":{"url":"np://user.desktop.nicepage.com/Site_15631754/images/thumbnails/WhatsAppImage2022-11-15at18.38.57.jpg","width":141,"height":250}},{"id":"user-image-WhatsAppImage2022-11-15at18.27.42.jpg","publicUrl":"np://user.desktop.nicepage.com/Site_15631754/images/WhatsAppImage2022-11-15at18.27.42.jpg","size":138407,"fileName":"WhatsAppImage2022-11-15at18.27.42.jpg","name":"WhatsAppImage2022-11-15at18.27.42","width":764,"height":1080,"thumbnail":{"url":"np://user.desktop.nicepage.com/Site_15631754/images/thumbnails/WhatsAppImage2022-11-15at18.27.42.jpg","width":177,"height":250}},{"id":"user-image-WhatsAppImage2022-09-22at2.33.02PM.jpg","publicUrl":"np://user.desktop.nicepage.com/Site_15631754/images/WhatsAppImage2022-09-22at2.33.02PM.jpg","size":107059,"fileName":"WhatsAppImage2022-09-22at2.33.02PM.jpg","name":"WhatsAppImage2022-09-22at2.33.02PM","width":1023,"height":1024,"thumbnail":{"url":"np://user.desktop.nicepage.com/Site_15631754/images/thumbnails/WhatsAppImage2022-09-22at2.33.02PM.jpg","width":250,"height":250}},{"id":"user-image-black-businessman-using-computer-laptop.jpg","publicUrl":"np://user.desktop.nicepage.com/Site_15631754/images/black-businessman-using-computer-laptop.jpg","size":62060,"fileName":"black-businessman-using-computer-laptop.jpg","name":"black-businessman-using-computer-laptop","width":1920,"height":1280,"thumbnail":{"url":"np://user.desktop.nicepage.com/Site_15631754/images/thumbnails/black-businessman-using-computer-laptop.jpg","width":250,"height":167}},{"id":"user-image-DIgitalnextoffice.jpg","publicUrl":"np://user.desktop.nicepage.com/Site_15631754/images/DIgitalnextoffice.jpg","size":316600,"fileName":"DIgitalnextoffice.jpg","name":"DIgitalnextoffice","width":1179,"height":747,"thumbnail":{"url":"np://user.desktop.nicepage.com/Site_15631754/images/thumbnails/DIgitalnextoffice.jpg","width":250,"height":158}},{"id":"user-image-chessman-is-changed-shadow-crown.jpg","publicUrl":"np://user.desktop.nicepage.com/Site_15631754/images/chessman-is-changed-shadow-crown.jpg","size":215608,"fileName":"chessman-is-changed-shadow-crown.jpg","name":"chessman-is-changed-shadow-crown","width":5085,"height":3904,"thumbnail":{"url":"np://user.desktop.nicepage.com/Site_15631754/images/thumbnails/chessman-is-changed-shadow-crown.jpg","width":250,"height":192}}]